"s","k","method","variance","cpu_time"
2,8,"Owen-Fast-R",7.99390541232741e-09,14.1370000000001
4,8,"Owen-Fast-R",4.24821279947288e-09,21.4780000000003
